host,link
https://javadseyedi.mobailfarid2.ir,https://javadseyedi.mobailfarid2.ir
https://hbpb.us.kg,https://hbpb.us.kg
https://cnx.anjomansut.ir,https://cnx.anjomansut.ir
https://sub.ttt888.us.kg,https://sub.ttt888.us.kg
https://rokkor.us.kg,https://rokkor.us.kg
https://fexds.love8e.us.kg,https://fexds.love8e.us.kg
https://pfr1.mamatune.top,https://pfr1.mamatune.top
https://john2000.us.kg,https://john2000.us.kg
https://prayer.us.kg,https://prayer.us.kg
https://cdn.ai-ark.com,https://cdn.ai-ark.com
https://skwygx.top,https://skwygx.top
https://germany1-8yd.pages.dev,https://germany1-8yd.pages.dev
https://ss.cceo.us.kg,https://ss.cceo.us.kg
https://xusheng1986.us.kg,https://xusheng1986.us.kg
https://bpb2.now9888.com,https://bpb2.now9888.com
https://ppp.foyi.art,https://ppp.foyi.art
https://bpb.isoho168.top,https://bpb.isoho168.top
https://mdbooka.us.kg,https://mdbooka.us.kg
https://renjianlivings.top,https://renjianlivings.top
